{
  "project_info": {
    "project_number": "621038533093",
    "firebase_url": "https://mydata-ef3df.firebaseio.com",
    "project_id": "mydata-ef3df",
    "storage_bucket": "mydata-ef3df.appspot.com"
  },
  "client": [
    {
      "client_info": {
        "mobilesdk_app_id": "1:621038533093:android:0d68f361c009ca4b",
        "android_client_info": {
          "package_name": "firbase.app.daytodayindiaapp"
        }
      },
      "oauth_client": [
        {
          "client_id": "621038533093-8ar4ers8i30a2ml67nqdlg79hj60gjte.apps.googleusercontent.com",
          "client_type": 1,
          "android_info": {
            "package_name": "firbase.app.daytodayindiaapp",
            "certificate_hash": "faf9a419bb4de8a0ab9536967bf4881a15482e7a"
          }
        },
        {
          "client_id": "621038533093-88aaefaap9uv7ephtbq9vghba0qfv9us.apps.googleusercontent.com",
          "client_type": 3
        }
      ],
      "api_key": [
        {
          "current_key": "AIzaSyDxnm57D7Ivd2Q0BG_2nclpcWLXLDnMf28"
        }
      ],
      "services": {
        "appinvite_service": {
          "other_platform_oauth_client": [
            {
              "client_id": "621038533093-88aaefaap9uv7ephtbq9vghba0qfv9us.apps.googleusercontent.com",
              "client_type": 3
            }
          ]
        }
      }
    }
  ],
  "configuration_version": "1"
}